{
  "stamp": 1780074475.9507732,
  "domain_id": 1,
  "interface": "eth3",
  "mode_machine": 0,
  "source": "rt/lowstate",
  "joint_order": [
    "left_hip_pitch",
    "left_hip_roll",
    "left_hip_yaw",
    "left_knee",
    "left_ankle_pitch",
    "left_ankle_roll",
    "right_hip_pitch",
    "right_hip_roll",
    "right_hip_yaw",
    "right_knee",
    "right_ankle_pitch",
    "right_ankle_roll",
    "waist_yaw",
    "waist_roll",
    "waist_pitch",
    "left_shoulder_pitch",
    "left_shoulder_roll",
    "left_shoulder_yaw",
    "left_elbow",
    "left_wrist_roll",
    "left_wrist_pitch",
    "left_wrist_yaw",
    "right_shoulder_pitch",
    "right_shoulder_roll",
    "right_shoulder_yaw",
    "right_elbow",
    "right_wrist_roll",
    "right_wrist_pitch",
    "right_wrist_yaw"
  ],
  "q": [
    -2.435786724090576,
    1.6281126737594604,
    2.143489122390747,
    0.6622178554534912,
    -0.15611016750335693,
    0.26230955123901367,
    -2.5273241996765137,
    -1.5497852563858032,
    -2.069636106491089,
    1.2811565399169922,
    -0.7394958734512329,
    -0.26279667019844055,
    0.008197509683668613,
    -0.2839508056640625,
    0.09931784868240356,
    -3.089965581893921,
    0.6812373399734497,
    -0.83015376329422,
    0.6863771080970764,
    0.15237416326999664,
    1.226495385169983,
    0.693034827709198,
    -0.8179387450218201,
    -2.1640784740448,
    2.383823871612549,
    -0.3577142655849457,
    -0.20162054896354675,
    -0.04067452251911163,
    0.7544662356376648
  ],
  "dq": [
    0.007906176149845123,
    -0.004857463762164116,
    0.0068092006258666515,
    0.002997043775394559,
    0.00019082559447269887,
    -5.0769205699907616e-05,
    0.003323987126350403,
    -0.028384583070874214,
    0.0023244170006364584,
    0.022251956164836884,
    0.0032471229787915945,
    -4.875009835814126e-06,
    -0.001525902422145009,
    0.007291634567081928,
    7.020363409537822e-05,
    1.320135470450623e-05,
    0.0008849240839481354,
    -0.0016123722307384014,
    0.0013157122302800417,
    -0.0009003753075376153,
    0.002397277858108282,
    0.0017816630424931645,
    -0.00031714001670479774,
    -0.002596496371552348,
    0.0013119791401550174,
    -0.0004772366373799741,
    -0.001808488741517067,
    -0.00032205122988671064,
    0.0012268247082829475
  ],
  "tau_est": [
    0.0,
    0.0,
    0.0,
    0.0,
    0.0,
    0.0,
    0.0,
    0.0,
    0.0,
    0.0,
    0.0,
    0.0,
    0.0,
    0.0,
    0.0,
    0.0,
    0.0,
    0.0,
    0.0,
    0.0,
    0.0,
    0.0,
    0.0,
    0.0,
    0.0,
    0.0,
    0.0,
    0.0,
    0.0
  ]
}
