{
  "stamp": 1780102489.2805943,
  "domain_id": 1,
  "interface": "eth3",
  "mode_machine": 0,
  "source": "rt/lowstate",
  "joint_order": [
    "left_hip_pitch",
    "left_hip_roll",
    "left_hip_yaw",
    "left_knee",
    "left_ankle_pitch",
    "left_ankle_roll",
    "right_hip_pitch",
    "right_hip_roll",
    "right_hip_yaw",
    "right_knee",
    "right_ankle_pitch",
    "right_ankle_roll",
    "waist_yaw",
    "waist_roll",
    "waist_pitch",
    "left_shoulder_pitch",
    "left_shoulder_roll",
    "left_shoulder_yaw",
    "left_elbow",
    "left_wrist_roll",
    "left_wrist_pitch",
    "left_wrist_yaw",
    "right_shoulder_pitch",
    "right_shoulder_roll",
    "right_shoulder_yaw",
    "right_elbow",
    "right_wrist_roll",
    "right_wrist_pitch",
    "right_wrist_yaw"
  ],
  "q": [
    -1.2009674310684204,
    0.0012969765812158585,
    -0.0018988715019077063,
    2.7948381900787354,
    0.5339155793190002,
    0.0033599743619561195,
    -1.2013003826141357,
    -0.0014046867145225406,
    0.002160533331334591,
    2.7949156761169434,
    0.5347155928611755,
    -0.002984999679028988,
    0.00013584278349298984,
    0.025178251788020134,
    0.5214009284973145,
    -1.0356321334838867,
    0.05318525806069374,
    -0.022903822362422943,
    0.4082929193973541,
    -1.6229716539382935,
    1.2761454582214355,
    -0.5433789491653442,
    -0.12225391715765,
    -0.14807109534740448,
    0.5612841248512268,
    -0.5352905988693237,
    1.3981090784072876,
    0.9794942736625671,
    0.3656885623931885
  ],
  "dq": [
    -0.0005882148980163038,
    0.00021185362129472196,
    -0.000279277068329975,
    -1.5591716874041595e-05,
    -8.486552542308345e-05,
    0.00039695529267191887,
    -0.0006739759119227529,
    4.5746026444248855e-05,
    -0.00019767225603573024,
    1.3689312254427932e-05,
    8.217803406296298e-05,
    0.00019635324133560061,
    -0.0005546938045881689,
    -0.0145567636936903,
    2.2147767140268115e-06,
    0.00010107305570272729,
    0.00048398965736851096,
    0.0003481620515231043,
    -8.413672185270116e-05,
    -0.00020152189244981855,
    1.0923690751951654e-05,
    -0.00012533340486697853,
    -0.000165022982400842,
    0.0005176873528398573,
    0.0003395663225091994,
    0.00030489158234559,
    -3.665856638690457e-05,
    0.00021615010336972773,
    -0.0001700838765827939
  ],
  "tau_est": [
    11.971353530883789,
    -0.032949045300483704,
    0.10429020971059799,
    -8.957589149475098,
    -0.41085782647132874,
    -0.11771330237388611,
    11.993725776672363,
    0.04808498173952103,
    -0.1130395382642746,
    -8.966139793395996,
    -0.4470849633216858,
    0.08571318536996841,
    -0.017783598974347115,
    -1.3313261270523071,
    -20.855512619018555,
    -4.856558799743652,
    -0.683302640914917,
    0.08252301812171936,
    -2.2081596851348877,
    -0.6236284375190735,
    -0.06379236280918121,
    -0.2469007968902588,
    -0.5514349937438965,
    1.106122374534607,
    1.1758449077606201,
    -2.4600937366485596,
    0.2376130372285843,
    0.4152511656284332,
    0.23955994844436646
  ]
}
