{
  "stamp": 1780075104.0258377,
  "domain_id": 1,
  "interface": "eth3",
  "mode_machine": 0,
  "source": "rt/lowstate",
  "joint_order": [
    "left_hip_pitch",
    "left_hip_roll",
    "left_hip_yaw",
    "left_knee",
    "left_ankle_pitch",
    "left_ankle_roll",
    "right_hip_pitch",
    "right_hip_roll",
    "right_hip_yaw",
    "right_knee",
    "right_ankle_pitch",
    "right_ankle_roll",
    "waist_yaw",
    "waist_roll",
    "waist_pitch",
    "left_shoulder_pitch",
    "left_shoulder_roll",
    "left_shoulder_yaw",
    "left_elbow",
    "left_wrist_roll",
    "left_wrist_pitch",
    "left_wrist_yaw",
    "right_shoulder_pitch",
    "right_shoulder_roll",
    "right_shoulder_yaw",
    "right_elbow",
    "right_wrist_roll",
    "right_wrist_pitch",
    "right_wrist_yaw"
  ],
  "q": [
    -2.5291054248809814,
    1.4711288213729858,
    2.196359872817993,
    0.41534245014190674,
    -0.10567920655012131,
    0.26292353868484497,
    -2.531344413757324,
    -1.3482801914215088,
    -2.1456055641174316,
    1.0932613611221313,
    -0.7417711615562439,
    -0.26291871070861816,
    0.005046756938099861,
    -0.30970630049705505,
    0.081360824406147,
    -3.0899722576141357,
    0.6759307980537415,
    -0.8223130106925964,
    0.6842554211616516,
    0.15654559433460236,
    1.2115974426269531,
    0.6798496246337891,
    -0.8153892159461975,
    -2.1570863723754883,
    2.377452850341797,
    -0.3550564646720886,
    -0.2053268402814865,
    -0.039817869663238525,
    0.7491515874862671
  ],
  "dq": [
    -0.0017666195053607225,
    0.057100776582956314,
    -0.0601271316409111,
    0.07738316804170609,
    -0.01695394515991211,
    6.944428605493158e-05,
    6.644047243753448e-05,
    -0.04019472375512123,
    0.024784188717603683,
    0.04349444434046745,
    -0.004320354200899601,
    4.777535650646314e-05,
    0.004062630236148834,
    3.6128625652054325e-05,
    0.005951258819550276,
    -4.2406572902109474e-05,
    0.000738266680855304,
    -0.0011603409657254815,
    -0.0003195859317202121,
    -0.0003145417431369424,
    0.0020642222370952368,
    0.0021778105292469263,
    -0.0006335530197247863,
    0.00024194203433580697,
    0.0009089011582545936,
    -0.0007170228054746985,
    0.001215427997522056,
    -0.0002352605079067871,
    0.00035697323619388044
  ],
  "tau_est": [
    0.0,
    0.0,
    0.0,
    0.0,
    0.0,
    0.0,
    0.0,
    0.0,
    0.0,
    0.0,
    0.0,
    0.0,
    0.0,
    0.0,
    0.0,
    0.0,
    0.0,
    0.0,
    0.0,
    0.0,
    0.0,
    0.0,
    0.0,
    0.0,
    0.0,
    0.0,
    0.0,
    0.0,
    0.0
  ]
}
