{
  "stamp": 1780075108.6429017,
  "domain_id": 1,
  "interface": "eth3",
  "mode_machine": 0,
  "source": "rt/lowstate",
  "joint_order": [
    "left_hip_pitch",
    "left_hip_roll",
    "left_hip_yaw",
    "left_knee",
    "left_ankle_pitch",
    "left_ankle_roll",
    "right_hip_pitch",
    "right_hip_roll",
    "right_hip_yaw",
    "right_knee",
    "right_ankle_pitch",
    "right_ankle_roll",
    "waist_yaw",
    "waist_roll",
    "waist_pitch",
    "left_shoulder_pitch",
    "left_shoulder_roll",
    "left_shoulder_yaw",
    "left_elbow",
    "left_wrist_roll",
    "left_wrist_pitch",
    "left_wrist_yaw",
    "right_shoulder_pitch",
    "right_shoulder_roll",
    "right_shoulder_yaw",
    "right_elbow",
    "right_wrist_roll",
    "right_wrist_pitch",
    "right_wrist_yaw"
  ],
  "q": [
    -2.4934322834014893,
    0.8162298798561096,
    1.2934831380844116,
    -0.055220603942871094,
    0.15755774080753326,
    0.2613356113433838,
    -2.528554916381836,
    -0.19298116862773895,
    -0.4323427379131317,
    0.19341681897640228,
    0.4557456076145172,
    0.11042943596839905,
    0.007492284290492535,
    -0.3084602653980255,
    0.03315029293298721,
    -3.096423625946045,
    0.6306769251823425,
    -0.9567780494689941,
    0.782082200050354,
    0.08848204463720322,
    1.2168872356414795,
    0.6586706042289734,
    -2.0753238201141357,
    -1.408671259880066,
    2.501117706298828,
    0.4800432026386261,
    -0.14904367923736572,
    -0.07411391288042068,
    -0.9032672047615051
  ],
  "dq": [
    0.5656883716583252,
    1.7530853748321533,
    4.590503215789795,
    0.753812849521637,
    0.0009748510201461613,
    0.006241232622414827,
    -1.4921270608901978,
    -1.5740822553634644,
    2.713618278503418,
    2.8895339965820312,
    0.003683289512991905,
    -0.00015744258416816592,
    -0.3754648268222809,
    0.5388738512992859,
    -0.30851227045059204,
    0.19992771744728088,
    1.2349457740783691,
    4.739737033843994,
    -3.5164411067962646,
    1.8357971906661987,
    -0.11931511759757996,
    0.724359393119812,
    2.3320891857147217,
    -2.3811113834381104,
    2.4636263847351074,
    -4.851749897003174,
    -0.007991030812263489,
    -0.3584747016429901,
    0.00820311438292265
  ],
  "tau_est": [
    0.0,
    0.0,
    0.0,
    0.0,
    0.0,
    0.0,
    0.0,
    0.0,
    0.0,
    0.0,
    0.0,
    0.0,
    0.0,
    0.0,
    0.0,
    0.0,
    0.0,
    0.0,
    0.0,
    0.0,
    0.0,
    0.0,
    0.0,
    0.0,
    0.0,
    0.0,
    0.0,
    0.0,
    0.0
  ]
}
