{
  "stamp": 1780102367.3741493,
  "domain_id": 1,
  "interface": "eth3",
  "mode_machine": 0,
  "source": "rt/lowstate",
  "joint_order": [
    "left_hip_pitch",
    "left_hip_roll",
    "left_hip_yaw",
    "left_knee",
    "left_ankle_pitch",
    "left_ankle_roll",
    "right_hip_pitch",
    "right_hip_roll",
    "right_hip_yaw",
    "right_knee",
    "right_ankle_pitch",
    "right_ankle_roll",
    "waist_yaw",
    "waist_roll",
    "waist_pitch",
    "left_shoulder_pitch",
    "left_shoulder_roll",
    "left_shoulder_yaw",
    "left_elbow",
    "left_wrist_roll",
    "left_wrist_pitch",
    "left_wrist_yaw",
    "right_shoulder_pitch",
    "right_shoulder_roll",
    "right_shoulder_yaw",
    "right_elbow",
    "right_wrist_roll",
    "right_wrist_pitch",
    "right_wrist_yaw"
  ],
  "q": [
    2.884373664855957,
    -0.002512012841179967,
    0.9170252680778503,
    -0.0915037989616394,
    -0.2639424204826355,
    -0.26388776302337646,
    2.884251117706299,
    -0.09195522964000702,
    0.8631255626678467,
    -0.09168407320976257,
    -0.8734806180000305,
    0.002155235968530178,
    0.8515058755874634,
    0.2123900204896927,
    -0.5274605751037598,
    -3.09000825881958,
    0.25014790892601013,
    1.7745047807693481,
    -1.04867684841156,
    -1.9730557203292847,
    -1.5485018491744995,
    -1.615319848060608,
    2.6717872619628906,
    -0.2880840599536896,
    2.6202964782714844,
    0.6960809826850891,
    1.9729117155075073,
    1.4236103296279907,
    1.2110952138900757
  ],
  "dq": [
    -0.00020839775970671326,
    -1.042177427734714e-05,
    0.0008216450223699212,
    5.9845366195077077e-05,
    -0.01363145001232624,
    -0.00014400883810594678,
    -0.0001741891319397837,
    0.00010967122943839058,
    0.0009734068880788982,
    3.033965185750276e-05,
    1.760702957653848e-06,
    0.005631299689412117,
    -0.0018244426464661956,
    0.00046382821165025234,
    -1.7572250499142683e-06,
    -0.00020946370204910636,
    -3.652073792181909e-05,
    -0.0014303845819085836,
    -0.00020894766203127801,
    0.00033004311262629926,
    7.794683915562928e-05,
    -0.0003292783221695572,
    -0.00010208399180555716,
    -0.0005118086119182408,
    -0.00010261245915899053,
    -0.0006967216613702476,
    0.00010199782991549,
    -0.0018078063149005175,
    0.0009100328898057342
  ],
  "tau_est": [
    12.17424201965332,
    -0.38223233819007874,
    0.17633359134197235,
    -8.946197509765625,
    -0.38868430256843567,
    -0.25182127952575684,
    12.224359512329102,
    -0.2704140543937683,
    -0.04882710054516792,
    -8.968424797058105,
    -0.4610470235347748,
    -0.04232504963874817,
    1.341406226158142,
    -1.33636474609375,
    -20.83127212524414,
    -4.2812113761901855,
    -0.01165427453815937,
    0.3662414848804474,
    -1.9533487558364868,
    -0.5261564254760742,
    -0.029701678082346916,
    -0.23159782588481903,
    2.25576114654541,
    1.0717167854309082,
    3.7286229133605957,
    -1.2239999771118164,
    2.037886619567871,
    1.6578487157821655,
    0.9108940958976746
  ]
}
