{
  "stamp": 1780075055.0377882,
  "domain_id": 1,
  "interface": "eth3",
  "mode_machine": 0,
  "source": "rt/lowstate",
  "joint_order": [
    "left_hip_pitch",
    "left_hip_roll",
    "left_hip_yaw",
    "left_knee",
    "left_ankle_pitch",
    "left_ankle_roll",
    "right_hip_pitch",
    "right_hip_roll",
    "right_hip_yaw",
    "right_knee",
    "right_ankle_pitch",
    "right_ankle_roll",
    "waist_yaw",
    "waist_roll",
    "waist_pitch",
    "left_shoulder_pitch",
    "left_shoulder_roll",
    "left_shoulder_yaw",
    "left_elbow",
    "left_wrist_roll",
    "left_wrist_pitch",
    "left_wrist_yaw",
    "right_shoulder_pitch",
    "right_shoulder_roll",
    "right_shoulder_yaw",
    "right_elbow",
    "right_wrist_roll",
    "right_wrist_pitch",
    "right_wrist_yaw"
  ],
  "q": [
    -2.276686668395996,
    1.5994800329208374,
    2.4122021198272705,
    0.6956635117530823,
    -0.1739288717508316,
    0.23399803042411804,
    -2.3616461753845215,
    -1.6387121677398682,
    -2.334839344024658,
    1.3203240633010864,
    -0.6971333026885986,
    -0.26237648725509644,
    -0.009424349293112755,
    -0.23832307755947113,
    -0.06951248645782471,
    -3.0899598598480225,
    0.7302736639976501,
    -0.9499874114990234,
    0.824006974697113,
    0.08327619731426239,
    1.3545640707015991,
    0.8504222631454468,
    -0.7236598134040833,
    -2.2059128284454346,
    2.3508830070495605,
    -0.4019355773925781,
    -0.2147926688194275,
    -0.03923802450299263,
    0.847414493560791
  ],
  "dq": [
    -0.000981923658400774,
    0.00014990507042966783,
    7.278729026438668e-05,
    0.00042971220682375133,
    -0.0002679540775716305,
    8.378073835046962e-05,
    -0.0001529235887574032,
    0.00021949259098619223,
    -0.0009881979785859585,
    -0.0003711871977429837,
    0.0002898545644711703,
    -1.2739400517602917e-05,
    0.0003143968351650983,
    -2.7988594410999212e-06,
    -0.001772088697180152,
    0.00024666075478307903,
    0.0003340907278470695,
    -0.0014010939048603177,
    0.0015012413496151567,
    -0.0011149307247251272,
    0.0011946358717978,
    0.003087603487074375,
    0.0013278431724756956,
    -1.6806512576295063e-05,
    -0.0005267683300189674,
    -0.0005881708930246532,
    0.00021103328617755324,
    4.104291656403802e-05,
    -0.0005276358569972217
  ],
  "tau_est": [
    0.0,
    0.0,
    0.0,
    0.0,
    0.0,
    0.0,
    0.0,
    0.0,
    0.0,
    0.0,
    0.0,
    0.0,
    0.0,
    0.0,
    0.0,
    0.0,
    0.0,
    0.0,
    0.0,
    0.0,
    0.0,
    0.0,
    0.0,
    0.0,
    0.0,
    0.0,
    0.0,
    0.0,
    0.0
  ]
}
